{
  "total_trades": 244,
  "winning_trades": 148,
  "losing_trades": 96,
  "win_rate": 0.6065573770491803,
  "total_pnl": 48091.92,
  "avg_trade": 197.09803278688523,
  "avg_win": 695.5016216216216,
  "avg_loss": -571.2741666666667,
  "profit_factor": 1.8769125740851225,
  "max_drawdown": 6039.799999999988,
  "max_win_streak": 8,
  "max_loss_streak": 5,
  "avg_duration": 24.487704918032787,
  "exit_reasons": {
    "trailing_stop": 112,
    "time": 68,
    "profit_target": 36,
    "stop_loss": 28
  }
}